{
    "f1_score_all_features": 0.9618224304464092,
    "f1_score_reduced_features": 0.9585915306776388,
    "feature_importance_table": {
        "Init_Win_bytes_forward": 0.10401726470491107,
        "max_flowiat": 0.050457272184299226,
        "duration": 0.04315977118372767,
        "min_seg_size_forward": 0.03914493490307056,
        "mean_flowpktl": 0.038414714571466495,
        "min_flowpktl": 0.03616020094574328,
        "std_flowpktl": 0.033290220538764084,
        "flowPktsPerSecond": 0.03094181095767217,
        "flowBytesPerSecond": 0.030386478196971756,
        "max_fpktl": 0.027910651693382967,
        "mean_flowiat": 0.02678083867323,
        "avgPacketSize": 0.026498338878481492,
        "fPktsPerSecond": 0.026165779616814086,
        "fAvgSegmentSize": 0.02546458812389367,
        "mean_fpktl": 0.025007509929266095,
        "total_fpktl": 0.023375922604956637,
        "bPktsPerSecond": 0.022273193437850485,
        "min_fpktl": 0.020974657839848292,
        "min_flowiat": 0.019398047968751084,
        "flow_fin": 0.018256713640583205,
        "Init_Win_bytes_backward": 0.01795176956021858,
        "flow_ack": 0.014689997254572153,
        "max_flowpktl": 0.01437725231885624,
        "max_fiat": 0.013847991652888216,
        "max_idle": 0.01316859876823397,
        "downUpRatio": 0.011818465535819188,
        "flow_psh": 0.011750298928850506,
        "total_fiat": 0.011727200577811195,
        "std_fpktl": 0.011409741883308953,
        "mean_bpktl": 0.010972085918244296,
        "bAvgSegmentSize": 0.010684085889080562,
        "min_fiat": 0.00975371429699476,
        "total_bpktl": 0.009627122707949536,
        "mean_idle": 0.00932736082325798,
        "max_active": 0.009016767223876052,
        "min_bpktl": 0.008926617563801992,
        "std_bpktl": 0.008918193327688676,
        "mean_fiat": 0.00815497849591181,
        "fpsh_cnt": 0.008134115823229681,
        "max_bpktl": 0.008039677428551377,
        "min_active": 0.007867747408281393,
        "max_biat": 0.0077567593012077595,
        "min_idle": 0.007666978296768326,
        "mean_active": 0.0074525859362555525,
        "std_fiat": 0.005513141091742632,
        "std_flowiat": 0.0054678431731982335,
        "min_biat": 0.00464253927590384,
        "total_bhlen": 0.004399932513087049,
        "total_biat": 0.004278327451635551,
        "sflow_fpacket": 0.0036783253590041065,
        "sflow_fbytes": 0.0034280054701011646,
        "flow_rst": 0.0032937063734111306,
        "bVarianceDataBytes": 0.0031340805071518748,
        "Act_data_pkt_forward": 0.002967231696588416,
        "total_bpackets": 0.0029148094054619964,
        "bpsh_cnt": 0.0028435461836023163,
        "mean_biat": 0.0027606199841034283,
        "FFNEPD": 0.002684242652410701,
        "flow_syn": 0.0025825601935497485,
        "sflow_bpacket": 0.002570312518567964,
        "std_biat": 0.002551628296682718,
        "RRT_samples_clnt": 0.002395145951150316,
        "total_fpackets": 0.0022804208052468375,
        "total_fhlen": 0.002014198971143495,
        "sflow_bbytes": 0.001901926999046489,
        "bAvgBytesPerBulk": 0.0018918591544138535,
        "fHeaderBytes": 0.0016202820899554932,
        "bAvgBulkRate": 0.0014871248060770292,
        "fAvgBytesPerBulk": 0.0011569830746160797,
        "std_active": 0.0010476405651339538,
        "std_idle": 0.0010472641539848845,
        "bAvgPacketsPerBulk": 0.0009821758126217146,
        "fAvgBulkRate": 0.0007461851877665085,
        "fAvgPacketsPerBulk": 0.0005989227672973748,
        "burg_cnt": 0.0,
        "flow_urg": 0.0,
        "furg_cnt": 0.0,
        "flow_cwr": 0.0,
        "flow_ece": 0.0
    }
}